error,dataset,algorithm,corr_threshold,const_threshold,seed,line_number
'target',dados_atuais_listagem_nominal.csv,dt,0.8,0.05,145,1
'target',dados_atuais_listagem_nominal.csv,dt,0.8,0.05,278,2
'target',dados_atuais_listagem_nominal.csv,dt,0.8,0.05,392,3
'target',dados_atuais_listagem_nominal.csv,dt,0.8,0.05,49,4
'target',dados_atuais_listagem_nominal.csv,dt,0.8,0.05,203,5
'target',dados_atuais_listagem_nominal.csv,dt,0.8,0.05,411,6
'target',dados_atuais_listagem_nominal.csv,dt,0.8,0.05,89,7
'target',dados_atuais_listagem_nominal.csv,dt,0.8,0.05,356,8
'target',dados_atuais_listagem_nominal.csv,dt,0.8,0.05,27,9
'target',dados_atuais_listagem_nominal.csv,dt,0.8,0.05,489,10
'target',dados_atuais_listagem_nominal.csv,dt,0.8,0.1,145,11
'target',dados_atuais_listagem_nominal.csv,dt,0.8,0.1,278,12
'target',dados_atuais_listagem_nominal.csv,dt,0.8,0.1,392,13
'target',dados_atuais_listagem_nominal.csv,dt,0.8,0.1,49,14
'target',dados_atuais_listagem_nominal.csv,dt,0.8,0.1,203,15
'target',dados_atuais_listagem_nominal.csv,dt,0.8,0.1,411,16
'target',dados_atuais_listagem_nominal.csv,dt,0.8,0.1,89,17
'target',dados_atuais_listagem_nominal.csv,dt,0.8,0.1,356,18
'target',dados_atuais_listagem_nominal.csv,dt,0.8,0.1,27,19
'target',dados_atuais_listagem_nominal.csv,dt,0.8,0.1,489,20
'target',dados_atuais_listagem_nominal.csv,dt,0.8,0.15,145,21
'target',dados_atuais_listagem_nominal.csv,dt,0.8,0.15,278,22
'target',dados_atuais_listagem_nominal.csv,dt,0.8,0.15,392,23
'target',dados_atuais_listagem_nominal.csv,dt,0.8,0.15,49,24
'target',dados_atuais_listagem_nominal.csv,dt,0.8,0.15,203,25
'target',dados_atuais_listagem_nominal.csv,dt,0.8,0.15,411,26
'target',dados_atuais_listagem_nominal.csv,dt,0.8,0.15,89,27
'target',dados_atuais_listagem_nominal.csv,dt,0.8,0.15,356,28
'target',dados_atuais_listagem_nominal.csv,dt,0.8,0.15,27,29
'target',dados_atuais_listagem_nominal.csv,dt,0.8,0.15,489,30
'target',dados_atuais_listagem_nominal.csv,dt,0.8,0.2,145,31
'target',dados_atuais_listagem_nominal.csv,dt,0.8,0.2,278,32
'target',dados_atuais_listagem_nominal.csv,dt,0.8,0.2,392,33
'target',dados_atuais_listagem_nominal.csv,dt,0.8,0.2,49,34
'target',dados_atuais_listagem_nominal.csv,dt,0.8,0.2,203,35
'target',dados_atuais_listagem_nominal.csv,dt,0.8,0.2,411,36
'target',dados_atuais_listagem_nominal.csv,dt,0.8,0.2,89,37
'target',dados_atuais_listagem_nominal.csv,dt,0.8,0.2,356,38
'target',dados_atuais_listagem_nominal.csv,dt,0.8,0.2,27,39
'target',dados_atuais_listagem_nominal.csv,dt,0.8,0.2,489,40
'target',dados_atuais_listagem_nominal.csv,dt,0.85,0.05,145,41
'target',dados_atuais_listagem_nominal.csv,dt,0.85,0.05,278,42
'target',dados_atuais_listagem_nominal.csv,dt,0.85,0.05,392,43
'target',dados_atuais_listagem_nominal.csv,dt,0.85,0.05,49,44
'target',dados_atuais_listagem_nominal.csv,dt,0.85,0.05,203,45
'target',dados_atuais_listagem_nominal.csv,dt,0.85,0.05,411,46
'target',dados_atuais_listagem_nominal.csv,dt,0.85,0.05,89,47
'target',dados_atuais_listagem_nominal.csv,dt,0.85,0.05,356,48
'target',dados_atuais_listagem_nominal.csv,dt,0.85,0.05,27,49
'target',dados_atuais_listagem_nominal.csv,dt,0.85,0.05,489,50
'target',dados_atuais_listagem_nominal.csv,dt,0.85,0.1,145,51
'target',dados_atuais_listagem_nominal.csv,dt,0.85,0.1,278,52
'target',dados_atuais_listagem_nominal.csv,dt,0.85,0.1,392,53
'target',dados_atuais_listagem_nominal.csv,dt,0.85,0.1,49,54
'target',dados_atuais_listagem_nominal.csv,dt,0.85,0.1,203,55
'target',dados_atuais_listagem_nominal.csv,dt,0.85,0.1,411,56
'target',dados_atuais_listagem_nominal.csv,dt,0.85,0.1,89,57
'target',dados_atuais_listagem_nominal.csv,dt,0.85,0.1,356,58
'target',dados_atuais_listagem_nominal.csv,dt,0.85,0.1,27,59
'target',dados_atuais_listagem_nominal.csv,dt,0.85,0.1,489,60
'target',dados_atuais_listagem_nominal.csv,dt,0.85,0.15,145,61
'target',dados_atuais_listagem_nominal.csv,dt,0.85,0.15,278,62
'target',dados_atuais_listagem_nominal.csv,dt,0.85,0.15,392,63
'target',dados_atuais_listagem_nominal.csv,dt,0.85,0.15,49,64
'target',dados_atuais_listagem_nominal.csv,dt,0.85,0.15,203,65
'target',dados_atuais_listagem_nominal.csv,dt,0.85,0.15,411,66
'target',dados_atuais_listagem_nominal.csv,dt,0.85,0.15,89,67
'target',dados_atuais_listagem_nominal.csv,dt,0.85,0.15,356,68
'target',dados_atuais_listagem_nominal.csv,dt,0.85,0.15,27,69
'target',dados_atuais_listagem_nominal.csv,dt,0.85,0.15,489,70
'target',dados_atuais_listagem_nominal.csv,dt,0.85,0.2,145,71
'target',dados_atuais_listagem_nominal.csv,dt,0.85,0.2,278,72
'target',dados_atuais_listagem_nominal.csv,dt,0.85,0.2,392,73
'target',dados_atuais_listagem_nominal.csv,dt,0.85,0.2,49,74
'target',dados_atuais_listagem_nominal.csv,dt,0.85,0.2,203,75
'target',dados_atuais_listagem_nominal.csv,dt,0.85,0.2,411,76
'target',dados_atuais_listagem_nominal.csv,dt,0.85,0.2,89,77
'target',dados_atuais_listagem_nominal.csv,dt,0.85,0.2,356,78
'target',dados_atuais_listagem_nominal.csv,dt,0.85,0.2,27,79
'target',dados_atuais_listagem_nominal.csv,dt,0.85,0.2,489,80
'target',dados_atuais_listagem_nominal.csv,dt,0.9,0.05,145,81
'target',dados_atuais_listagem_nominal.csv,dt,0.9,0.05,278,82
'target',dados_atuais_listagem_nominal.csv,dt,0.9,0.05,392,83
'target',dados_atuais_listagem_nominal.csv,dt,0.9,0.05,49,84
'target',dados_atuais_listagem_nominal.csv,dt,0.9,0.05,203,85
'target',dados_atuais_listagem_nominal.csv,dt,0.9,0.05,411,86
'target',dados_atuais_listagem_nominal.csv,dt,0.9,0.05,89,87
'target',dados_atuais_listagem_nominal.csv,dt,0.9,0.05,356,88
'target',dados_atuais_listagem_nominal.csv,dt,0.9,0.05,27,89
'target',dados_atuais_listagem_nominal.csv,dt,0.9,0.05,489,90
'target',dados_atuais_listagem_nominal.csv,dt,0.9,0.1,145,91
'target',dados_atuais_listagem_nominal.csv,dt,0.9,0.1,278,92
'target',dados_atuais_listagem_nominal.csv,dt,0.9,0.1,392,93
'target',dados_atuais_listagem_nominal.csv,dt,0.9,0.1,49,94
'target',dados_atuais_listagem_nominal.csv,dt,0.9,0.1,203,95
'target',dados_atuais_listagem_nominal.csv,dt,0.9,0.1,411,96
'target',dados_atuais_listagem_nominal.csv,dt,0.9,0.1,89,97
'target',dados_atuais_listagem_nominal.csv,dt,0.9,0.1,356,98
'target',dados_atuais_listagem_nominal.csv,dt,0.9,0.1,27,99
'target',dados_atuais_listagem_nominal.csv,dt,0.9,0.1,489,100
'target',dados_atuais_listagem_nominal.csv,dt,0.9,0.15,145,101
'target',dados_atuais_listagem_nominal.csv,dt,0.9,0.15,278,102
'target',dados_atuais_listagem_nominal.csv,dt,0.9,0.15,392,103
'target',dados_atuais_listagem_nominal.csv,dt,0.9,0.15,49,104
'target',dados_atuais_listagem_nominal.csv,dt,0.9,0.15,203,105
'target',dados_atuais_listagem_nominal.csv,dt,0.9,0.15,411,106
'target',dados_atuais_listagem_nominal.csv,dt,0.9,0.15,89,107
'target',dados_atuais_listagem_nominal.csv,dt,0.9,0.15,356,108
'target',dados_atuais_listagem_nominal.csv,dt,0.9,0.15,27,109
'target',dados_atuais_listagem_nominal.csv,dt,0.9,0.15,489,110
'target',dados_atuais_listagem_nominal.csv,dt,0.9,0.2,145,111
'target',dados_atuais_listagem_nominal.csv,dt,0.9,0.2,278,112
'target',dados_atuais_listagem_nominal.csv,dt,0.9,0.2,392,113
'target',dados_atuais_listagem_nominal.csv,dt,0.9,0.2,49,114
'target',dados_atuais_listagem_nominal.csv,dt,0.9,0.2,203,115
'target',dados_atuais_listagem_nominal.csv,dt,0.9,0.2,411,116
'target',dados_atuais_listagem_nominal.csv,dt,0.9,0.2,89,117
'target',dados_atuais_listagem_nominal.csv,dt,0.9,0.2,356,118
'target',dados_atuais_listagem_nominal.csv,dt,0.9,0.2,27,119
'target',dados_atuais_listagem_nominal.csv,dt,0.9,0.2,489,120
'target',dados_atuais_listagem_nominal.csv,dt,0.95,0.05,145,121
'target',dados_atuais_listagem_nominal.csv,dt,0.95,0.05,278,122
'target',dados_atuais_listagem_nominal.csv,dt,0.95,0.05,392,123
'target',dados_atuais_listagem_nominal.csv,dt,0.95,0.05,49,124
'target',dados_atuais_listagem_nominal.csv,dt,0.95,0.05,203,125
'target',dados_atuais_listagem_nominal.csv,dt,0.95,0.05,411,126
'target',dados_atuais_listagem_nominal.csv,dt,0.95,0.05,89,127
'target',dados_atuais_listagem_nominal.csv,dt,0.95,0.05,356,128
'target',dados_atuais_listagem_nominal.csv,dt,0.95,0.05,27,129
'target',dados_atuais_listagem_nominal.csv,dt,0.95,0.05,489,130
'target',dados_atuais_listagem_nominal.csv,dt,0.95,0.1,145,131
'target',dados_atuais_listagem_nominal.csv,dt,0.95,0.1,278,132
'target',dados_atuais_listagem_nominal.csv,dt,0.95,0.1,392,133
'target',dados_atuais_listagem_nominal.csv,dt,0.95,0.1,49,134
'target',dados_atuais_listagem_nominal.csv,dt,0.95,0.1,203,135
'target',dados_atuais_listagem_nominal.csv,dt,0.95,0.1,411,136
'target',dados_atuais_listagem_nominal.csv,dt,0.95,0.1,89,137
'target',dados_atuais_listagem_nominal.csv,dt,0.95,0.1,356,138
'target',dados_atuais_listagem_nominal.csv,dt,0.95,0.1,27,139
'target',dados_atuais_listagem_nominal.csv,dt,0.95,0.1,489,140
'target',dados_atuais_listagem_nominal.csv,dt,0.95,0.15,145,141
'target',dados_atuais_listagem_nominal.csv,dt,0.95,0.15,278,142
'target',dados_atuais_listagem_nominal.csv,dt,0.95,0.15,392,143
'target',dados_atuais_listagem_nominal.csv,dt,0.95,0.15,49,144
'target',dados_atuais_listagem_nominal.csv,dt,0.95,0.15,203,145
'target',dados_atuais_listagem_nominal.csv,dt,0.95,0.15,411,146
'target',dados_atuais_listagem_nominal.csv,dt,0.95,0.15,89,147
'target',dados_atuais_listagem_nominal.csv,dt,0.95,0.15,356,148
'target',dados_atuais_listagem_nominal.csv,dt,0.95,0.15,27,149
'target',dados_atuais_listagem_nominal.csv,dt,0.95,0.15,489,150
'target',dados_atuais_listagem_nominal.csv,dt,0.95,0.2,145,151
'target',dados_atuais_listagem_nominal.csv,dt,0.95,0.2,278,152
'target',dados_atuais_listagem_nominal.csv,dt,0.95,0.2,392,153
'target',dados_atuais_listagem_nominal.csv,dt,0.95,0.2,49,154
'target',dados_atuais_listagem_nominal.csv,dt,0.95,0.2,203,155
'target',dados_atuais_listagem_nominal.csv,dt,0.95,0.2,411,156
'target',dados_atuais_listagem_nominal.csv,dt,0.95,0.2,89,157
'target',dados_atuais_listagem_nominal.csv,dt,0.95,0.2,356,158
'target',dados_atuais_listagem_nominal.csv,dt,0.95,0.2,27,159
'target',dados_atuais_listagem_nominal.csv,dt,0.95,0.2,489,160
'target',dados_atuais_listagem_nominal.csv,rf,0.8,0.05,145,161
'target',dados_atuais_listagem_nominal.csv,rf,0.8,0.05,278,162
'target',dados_atuais_listagem_nominal.csv,rf,0.8,0.05,392,163
'target',dados_atuais_listagem_nominal.csv,rf,0.8,0.05,49,164
'target',dados_atuais_listagem_nominal.csv,rf,0.8,0.05,203,165
'target',dados_atuais_listagem_nominal.csv,rf,0.8,0.05,411,166
'target',dados_atuais_listagem_nominal.csv,rf,0.8,0.05,89,167
'target',dados_atuais_listagem_nominal.csv,rf,0.8,0.05,356,168
'target',dados_atuais_listagem_nominal.csv,rf,0.8,0.05,27,169
'target',dados_atuais_listagem_nominal.csv,rf,0.8,0.05,489,170
'target',dados_atuais_listagem_nominal.csv,rf,0.8,0.1,145,171
'target',dados_atuais_listagem_nominal.csv,rf,0.8,0.1,278,172
'target',dados_atuais_listagem_nominal.csv,rf,0.8,0.1,392,173
'target',dados_atuais_listagem_nominal.csv,rf,0.8,0.1,49,174
'target',dados_atuais_listagem_nominal.csv,rf,0.8,0.1,203,175
'target',dados_atuais_listagem_nominal.csv,rf,0.8,0.1,411,176
'target',dados_atuais_listagem_nominal.csv,rf,0.8,0.1,89,177
'target',dados_atuais_listagem_nominal.csv,rf,0.8,0.1,356,178
'target',dados_atuais_listagem_nominal.csv,rf,0.8,0.1,27,179
'target',dados_atuais_listagem_nominal.csv,rf,0.8,0.1,489,180
'target',dados_atuais_listagem_nominal.csv,rf,0.8,0.15,145,181
'target',dados_atuais_listagem_nominal.csv,rf,0.8,0.15,278,182
'target',dados_atuais_listagem_nominal.csv,rf,0.8,0.15,392,183
'target',dados_atuais_listagem_nominal.csv,rf,0.8,0.15,49,184
'target',dados_atuais_listagem_nominal.csv,rf,0.8,0.15,203,185
'target',dados_atuais_listagem_nominal.csv,rf,0.8,0.15,411,186
'target',dados_atuais_listagem_nominal.csv,rf,0.8,0.15,89,187
'target',dados_atuais_listagem_nominal.csv,rf,0.8,0.15,356,188
'target',dados_atuais_listagem_nominal.csv,rf,0.8,0.15,27,189
'target',dados_atuais_listagem_nominal.csv,rf,0.8,0.15,489,190
'target',dados_atuais_listagem_nominal.csv,rf,0.8,0.2,145,191
'target',dados_atuais_listagem_nominal.csv,rf,0.8,0.2,278,192
'target',dados_atuais_listagem_nominal.csv,rf,0.8,0.2,392,193
'target',dados_atuais_listagem_nominal.csv,rf,0.8,0.2,49,194
'target',dados_atuais_listagem_nominal.csv,rf,0.8,0.2,203,195
'target',dados_atuais_listagem_nominal.csv,rf,0.8,0.2,411,196
'target',dados_atuais_listagem_nominal.csv,rf,0.8,0.2,89,197
'target',dados_atuais_listagem_nominal.csv,rf,0.8,0.2,356,198
'target',dados_atuais_listagem_nominal.csv,rf,0.8,0.2,27,199
'target',dados_atuais_listagem_nominal.csv,rf,0.8,0.2,489,200
'target',dados_atuais_listagem_nominal.csv,rf,0.85,0.05,145,201
'target',dados_atuais_listagem_nominal.csv,rf,0.85,0.05,278,202
'target',dados_atuais_listagem_nominal.csv,rf,0.85,0.05,392,203
'target',dados_atuais_listagem_nominal.csv,rf,0.85,0.05,49,204
'target',dados_atuais_listagem_nominal.csv,rf,0.85,0.05,203,205
'target',dados_atuais_listagem_nominal.csv,rf,0.85,0.05,411,206
'target',dados_atuais_listagem_nominal.csv,rf,0.85,0.05,89,207
'target',dados_atuais_listagem_nominal.csv,rf,0.85,0.05,356,208
'target',dados_atuais_listagem_nominal.csv,rf,0.85,0.05,27,209
'target',dados_atuais_listagem_nominal.csv,rf,0.85,0.05,489,210
'target',dados_atuais_listagem_nominal.csv,rf,0.85,0.1,145,211
'target',dados_atuais_listagem_nominal.csv,rf,0.85,0.1,278,212
'target',dados_atuais_listagem_nominal.csv,rf,0.85,0.1,392,213
'target',dados_atuais_listagem_nominal.csv,rf,0.85,0.1,49,214
'target',dados_atuais_listagem_nominal.csv,rf,0.85,0.1,203,215
'target',dados_atuais_listagem_nominal.csv,rf,0.85,0.1,411,216
'target',dados_atuais_listagem_nominal.csv,rf,0.85,0.1,89,217
'target',dados_atuais_listagem_nominal.csv,rf,0.85,0.1,356,218
'target',dados_atuais_listagem_nominal.csv,rf,0.85,0.1,27,219
'target',dados_atuais_listagem_nominal.csv,rf,0.85,0.1,489,220
'target',dados_atuais_listagem_nominal.csv,rf,0.85,0.15,145,221
'target',dados_atuais_listagem_nominal.csv,rf,0.85,0.15,278,222
'target',dados_atuais_listagem_nominal.csv,rf,0.85,0.15,392,223
'target',dados_atuais_listagem_nominal.csv,rf,0.85,0.15,49,224
'target',dados_atuais_listagem_nominal.csv,rf,0.85,0.15,203,225
'target',dados_atuais_listagem_nominal.csv,rf,0.85,0.15,411,226
'target',dados_atuais_listagem_nominal.csv,rf,0.85,0.15,89,227
'target',dados_atuais_listagem_nominal.csv,rf,0.85,0.15,356,228
'target',dados_atuais_listagem_nominal.csv,rf,0.85,0.15,27,229
'target',dados_atuais_listagem_nominal.csv,rf,0.85,0.15,489,230
'target',dados_atuais_listagem_nominal.csv,rf,0.85,0.2,145,231
'target',dados_atuais_listagem_nominal.csv,rf,0.85,0.2,278,232
'target',dados_atuais_listagem_nominal.csv,rf,0.85,0.2,392,233
'target',dados_atuais_listagem_nominal.csv,rf,0.85,0.2,49,234
'target',dados_atuais_listagem_nominal.csv,rf,0.85,0.2,203,235
'target',dados_atuais_listagem_nominal.csv,rf,0.85,0.2,411,236
'target',dados_atuais_listagem_nominal.csv,rf,0.85,0.2,89,237
'target',dados_atuais_listagem_nominal.csv,rf,0.85,0.2,356,238
'target',dados_atuais_listagem_nominal.csv,rf,0.85,0.2,27,239
'target',dados_atuais_listagem_nominal.csv,rf,0.85,0.2,489,240
'target',dados_atuais_listagem_nominal.csv,rf,0.9,0.05,145,241
'target',dados_atuais_listagem_nominal.csv,rf,0.9,0.05,278,242
'target',dados_atuais_listagem_nominal.csv,rf,0.9,0.05,392,243
'target',dados_atuais_listagem_nominal.csv,rf,0.9,0.05,49,244
'target',dados_atuais_listagem_nominal.csv,rf,0.9,0.05,203,245
'target',dados_atuais_listagem_nominal.csv,rf,0.9,0.05,411,246
'target',dados_atuais_listagem_nominal.csv,rf,0.9,0.05,89,247
'target',dados_atuais_listagem_nominal.csv,rf,0.9,0.05,356,248
'target',dados_atuais_listagem_nominal.csv,rf,0.9,0.05,27,249
'target',dados_atuais_listagem_nominal.csv,rf,0.9,0.05,489,250
'target',dados_atuais_listagem_nominal.csv,rf,0.9,0.1,145,251
'target',dados_atuais_listagem_nominal.csv,rf,0.9,0.1,278,252
'target',dados_atuais_listagem_nominal.csv,rf,0.9,0.1,392,253
'target',dados_atuais_listagem_nominal.csv,rf,0.9,0.1,49,254
'target',dados_atuais_listagem_nominal.csv,rf,0.9,0.1,203,255
'target',dados_atuais_listagem_nominal.csv,rf,0.9,0.1,411,256
'target',dados_atuais_listagem_nominal.csv,rf,0.9,0.1,89,257
'target',dados_atuais_listagem_nominal.csv,rf,0.9,0.1,356,258
'target',dados_atuais_listagem_nominal.csv,rf,0.9,0.1,27,259
'target',dados_atuais_listagem_nominal.csv,rf,0.9,0.1,489,260
'target',dados_atuais_listagem_nominal.csv,rf,0.9,0.15,145,261
'target',dados_atuais_listagem_nominal.csv,rf,0.9,0.15,278,262
'target',dados_atuais_listagem_nominal.csv,rf,0.9,0.15,392,263
'target',dados_atuais_listagem_nominal.csv,rf,0.9,0.15,49,264
'target',dados_atuais_listagem_nominal.csv,rf,0.9,0.15,203,265
'target',dados_atuais_listagem_nominal.csv,rf,0.9,0.15,411,266
'target',dados_atuais_listagem_nominal.csv,rf,0.9,0.15,89,267
'target',dados_atuais_listagem_nominal.csv,rf,0.9,0.15,356,268
'target',dados_atuais_listagem_nominal.csv,rf,0.9,0.15,27,269
'target',dados_atuais_listagem_nominal.csv,rf,0.9,0.15,489,270
'target',dados_atuais_listagem_nominal.csv,rf,0.9,0.2,145,271
'target',dados_atuais_listagem_nominal.csv,rf,0.9,0.2,278,272
'target',dados_atuais_listagem_nominal.csv,rf,0.9,0.2,392,273
'target',dados_atuais_listagem_nominal.csv,rf,0.9,0.2,49,274
'target',dados_atuais_listagem_nominal.csv,rf,0.9,0.2,203,275
'target',dados_atuais_listagem_nominal.csv,rf,0.9,0.2,411,276
'target',dados_atuais_listagem_nominal.csv,rf,0.9,0.2,89,277
'target',dados_atuais_listagem_nominal.csv,rf,0.9,0.2,356,278
'target',dados_atuais_listagem_nominal.csv,rf,0.9,0.2,27,279
'target',dados_atuais_listagem_nominal.csv,rf,0.9,0.2,489,280
'target',dados_atuais_listagem_nominal.csv,rf,0.95,0.05,145,281
'target',dados_atuais_listagem_nominal.csv,rf,0.95,0.05,278,282
'target',dados_atuais_listagem_nominal.csv,rf,0.95,0.05,392,283
'target',dados_atuais_listagem_nominal.csv,rf,0.95,0.05,49,284
'target',dados_atuais_listagem_nominal.csv,rf,0.95,0.05,203,285
'target',dados_atuais_listagem_nominal.csv,rf,0.95,0.05,411,286
'target',dados_atuais_listagem_nominal.csv,rf,0.95,0.05,89,287
'target',dados_atuais_listagem_nominal.csv,rf,0.95,0.05,356,288
'target',dados_atuais_listagem_nominal.csv,rf,0.95,0.05,27,289
'target',dados_atuais_listagem_nominal.csv,rf,0.95,0.05,489,290
'target',dados_atuais_listagem_nominal.csv,rf,0.95,0.1,145,291
'target',dados_atuais_listagem_nominal.csv,rf,0.95,0.1,278,292
'target',dados_atuais_listagem_nominal.csv,rf,0.95,0.1,392,293
'target',dados_atuais_listagem_nominal.csv,rf,0.95,0.1,49,294
'target',dados_atuais_listagem_nominal.csv,rf,0.95,0.1,203,295
'target',dados_atuais_listagem_nominal.csv,rf,0.95,0.1,411,296
'target',dados_atuais_listagem_nominal.csv,rf,0.95,0.1,89,297
'target',dados_atuais_listagem_nominal.csv,rf,0.95,0.1,356,298
'target',dados_atuais_listagem_nominal.csv,rf,0.95,0.1,27,299
'target',dados_atuais_listagem_nominal.csv,rf,0.95,0.1,489,300
'target',dados_atuais_listagem_nominal.csv,rf,0.95,0.15,145,301
'target',dados_atuais_listagem_nominal.csv,rf,0.95,0.15,278,302
'target',dados_atuais_listagem_nominal.csv,rf,0.95,0.15,392,303
'target',dados_atuais_listagem_nominal.csv,rf,0.95,0.15,49,304
'target',dados_atuais_listagem_nominal.csv,rf,0.95,0.15,203,305
'target',dados_atuais_listagem_nominal.csv,rf,0.95,0.15,411,306
'target',dados_atuais_listagem_nominal.csv,rf,0.95,0.15,89,307
'target',dados_atuais_listagem_nominal.csv,rf,0.95,0.15,356,308
'target',dados_atuais_listagem_nominal.csv,rf,0.95,0.15,27,309
'target',dados_atuais_listagem_nominal.csv,rf,0.95,0.15,489,310
'target',dados_atuais_listagem_nominal.csv,rf,0.95,0.2,145,311
'target',dados_atuais_listagem_nominal.csv,rf,0.95,0.2,278,312
'target',dados_atuais_listagem_nominal.csv,rf,0.95,0.2,392,313
'target',dados_atuais_listagem_nominal.csv,rf,0.95,0.2,49,314
'target',dados_atuais_listagem_nominal.csv,rf,0.95,0.2,203,315
'target',dados_atuais_listagem_nominal.csv,rf,0.95,0.2,411,316
'target',dados_atuais_listagem_nominal.csv,rf,0.95,0.2,89,317
'target',dados_atuais_listagem_nominal.csv,rf,0.95,0.2,356,318
'target',dados_atuais_listagem_nominal.csv,rf,0.95,0.2,27,319
'target',dados_atuais_listagem_nominal.csv,rf,0.95,0.2,489,320
'target',dados_atuais_listagem_nominal.csv,neigh,0.8,0.05,145,321
'target',dados_atuais_listagem_nominal.csv,neigh,0.8,0.05,278,322
'target',dados_atuais_listagem_nominal.csv,neigh,0.8,0.05,392,323
'target',dados_atuais_listagem_nominal.csv,neigh,0.8,0.05,49,324
'target',dados_atuais_listagem_nominal.csv,neigh,0.8,0.05,203,325
'target',dados_atuais_listagem_nominal.csv,neigh,0.8,0.05,411,326
'target',dados_atuais_listagem_nominal.csv,neigh,0.8,0.05,89,327
'target',dados_atuais_listagem_nominal.csv,neigh,0.8,0.05,356,328
'target',dados_atuais_listagem_nominal.csv,neigh,0.8,0.05,27,329
'target',dados_atuais_listagem_nominal.csv,neigh,0.8,0.05,489,330
'target',dados_atuais_listagem_nominal.csv,neigh,0.8,0.1,145,331
'target',dados_atuais_listagem_nominal.csv,neigh,0.8,0.1,278,332
'target',dados_atuais_listagem_nominal.csv,neigh,0.8,0.1,392,333
'target',dados_atuais_listagem_nominal.csv,neigh,0.8,0.1,49,334
'target',dados_atuais_listagem_nominal.csv,neigh,0.8,0.1,203,335
'target',dados_atuais_listagem_nominal.csv,neigh,0.8,0.1,411,336
'target',dados_atuais_listagem_nominal.csv,neigh,0.8,0.1,89,337
'target',dados_atuais_listagem_nominal.csv,neigh,0.8,0.1,356,338
'target',dados_atuais_listagem_nominal.csv,neigh,0.8,0.1,27,339
'target',dados_atuais_listagem_nominal.csv,neigh,0.8,0.1,489,340
'target',dados_atuais_listagem_nominal.csv,neigh,0.8,0.15,145,341
'target',dados_atuais_listagem_nominal.csv,neigh,0.8,0.15,278,342
'target',dados_atuais_listagem_nominal.csv,neigh,0.8,0.15,392,343
'target',dados_atuais_listagem_nominal.csv,neigh,0.8,0.15,49,344
'target',dados_atuais_listagem_nominal.csv,neigh,0.8,0.15,203,345
'target',dados_atuais_listagem_nominal.csv,neigh,0.8,0.15,411,346
'target',dados_atuais_listagem_nominal.csv,neigh,0.8,0.15,89,347
'target',dados_atuais_listagem_nominal.csv,neigh,0.8,0.15,356,348
'target',dados_atuais_listagem_nominal.csv,neigh,0.8,0.15,27,349
'target',dados_atuais_listagem_nominal.csv,neigh,0.8,0.15,489,350
'target',dados_atuais_listagem_nominal.csv,neigh,0.8,0.2,145,351
'target',dados_atuais_listagem_nominal.csv,neigh,0.8,0.2,278,352
'target',dados_atuais_listagem_nominal.csv,neigh,0.8,0.2,392,353
'target',dados_atuais_listagem_nominal.csv,neigh,0.8,0.2,49,354
'target',dados_atuais_listagem_nominal.csv,neigh,0.8,0.2,203,355
'target',dados_atuais_listagem_nominal.csv,neigh,0.8,0.2,411,356
'target',dados_atuais_listagem_nominal.csv,neigh,0.8,0.2,89,357
'target',dados_atuais_listagem_nominal.csv,neigh,0.8,0.2,356,358
'target',dados_atuais_listagem_nominal.csv,neigh,0.8,0.2,27,359
'target',dados_atuais_listagem_nominal.csv,neigh,0.8,0.2,489,360
'target',dados_atuais_listagem_nominal.csv,neigh,0.85,0.05,145,361
'target',dados_atuais_listagem_nominal.csv,neigh,0.85,0.05,278,362
'target',dados_atuais_listagem_nominal.csv,neigh,0.85,0.05,392,363
'target',dados_atuais_listagem_nominal.csv,neigh,0.85,0.05,49,364
'target',dados_atuais_listagem_nominal.csv,neigh,0.85,0.05,203,365
'target',dados_atuais_listagem_nominal.csv,neigh,0.85,0.05,411,366
'target',dados_atuais_listagem_nominal.csv,neigh,0.85,0.05,89,367
'target',dados_atuais_listagem_nominal.csv,neigh,0.85,0.05,356,368
'target',dados_atuais_listagem_nominal.csv,neigh,0.85,0.05,27,369
'target',dados_atuais_listagem_nominal.csv,neigh,0.85,0.05,489,370
'target',dados_atuais_listagem_nominal.csv,neigh,0.85,0.1,145,371
'target',dados_atuais_listagem_nominal.csv,neigh,0.85,0.1,278,372
'target',dados_atuais_listagem_nominal.csv,neigh,0.85,0.1,392,373
'target',dados_atuais_listagem_nominal.csv,neigh,0.85,0.1,49,374
'target',dados_atuais_listagem_nominal.csv,neigh,0.85,0.1,203,375
'target',dados_atuais_listagem_nominal.csv,neigh,0.85,0.1,411,376
'target',dados_atuais_listagem_nominal.csv,neigh,0.85,0.1,89,377
'target',dados_atuais_listagem_nominal.csv,neigh,0.85,0.1,356,378
'target',dados_atuais_listagem_nominal.csv,neigh,0.85,0.1,27,379
'target',dados_atuais_listagem_nominal.csv,neigh,0.85,0.1,489,380
'target',dados_atuais_listagem_nominal.csv,neigh,0.85,0.15,145,381
'target',dados_atuais_listagem_nominal.csv,neigh,0.85,0.15,278,382
'target',dados_atuais_listagem_nominal.csv,neigh,0.85,0.15,392,383
'target',dados_atuais_listagem_nominal.csv,neigh,0.85,0.15,49,384
'target',dados_atuais_listagem_nominal.csv,neigh,0.85,0.15,203,385
'target',dados_atuais_listagem_nominal.csv,neigh,0.85,0.15,411,386
'target',dados_atuais_listagem_nominal.csv,neigh,0.85,0.15,89,387
'target',dados_atuais_listagem_nominal.csv,neigh,0.85,0.15,356,388
'target',dados_atuais_listagem_nominal.csv,neigh,0.85,0.15,27,389
'target',dados_atuais_listagem_nominal.csv,neigh,0.85,0.15,489,390
'target',dados_atuais_listagem_nominal.csv,neigh,0.85,0.2,145,391
'target',dados_atuais_listagem_nominal.csv,neigh,0.85,0.2,278,392
'target',dados_atuais_listagem_nominal.csv,neigh,0.85,0.2,392,393
'target',dados_atuais_listagem_nominal.csv,neigh,0.85,0.2,49,394
'target',dados_atuais_listagem_nominal.csv,neigh,0.85,0.2,203,395
'target',dados_atuais_listagem_nominal.csv,neigh,0.85,0.2,411,396
'target',dados_atuais_listagem_nominal.csv,neigh,0.85,0.2,89,397
'target',dados_atuais_listagem_nominal.csv,neigh,0.85,0.2,356,398
'target',dados_atuais_listagem_nominal.csv,neigh,0.85,0.2,27,399
'target',dados_atuais_listagem_nominal.csv,neigh,0.85,0.2,489,400
'target',dados_atuais_listagem_nominal.csv,neigh,0.9,0.05,145,401
'target',dados_atuais_listagem_nominal.csv,neigh,0.9,0.05,278,402
'target',dados_atuais_listagem_nominal.csv,neigh,0.9,0.05,392,403
'target',dados_atuais_listagem_nominal.csv,neigh,0.9,0.05,49,404
'target',dados_atuais_listagem_nominal.csv,neigh,0.9,0.05,203,405
'target',dados_atuais_listagem_nominal.csv,neigh,0.9,0.05,411,406
'target',dados_atuais_listagem_nominal.csv,neigh,0.9,0.05,89,407
'target',dados_atuais_listagem_nominal.csv,neigh,0.9,0.05,356,408
'target',dados_atuais_listagem_nominal.csv,neigh,0.9,0.05,27,409
'target',dados_atuais_listagem_nominal.csv,neigh,0.9,0.05,489,410
'target',dados_atuais_listagem_nominal.csv,neigh,0.9,0.1,145,411
'target',dados_atuais_listagem_nominal.csv,neigh,0.9,0.1,278,412
'target',dados_atuais_listagem_nominal.csv,neigh,0.9,0.1,392,413
'target',dados_atuais_listagem_nominal.csv,neigh,0.9,0.1,49,414
'target',dados_atuais_listagem_nominal.csv,neigh,0.9,0.1,203,415
'target',dados_atuais_listagem_nominal.csv,neigh,0.9,0.1,411,416
'target',dados_atuais_listagem_nominal.csv,neigh,0.9,0.1,89,417
'target',dados_atuais_listagem_nominal.csv,neigh,0.9,0.1,356,418
'target',dados_atuais_listagem_nominal.csv,neigh,0.9,0.1,27,419
'target',dados_atuais_listagem_nominal.csv,neigh,0.9,0.1,489,420
'target',dados_atuais_listagem_nominal.csv,neigh,0.9,0.15,145,421
'target',dados_atuais_listagem_nominal.csv,neigh,0.9,0.15,278,422
'target',dados_atuais_listagem_nominal.csv,neigh,0.9,0.15,392,423
'target',dados_atuais_listagem_nominal.csv,neigh,0.9,0.15,49,424
'target',dados_atuais_listagem_nominal.csv,neigh,0.9,0.15,203,425
'target',dados_atuais_listagem_nominal.csv,neigh,0.9,0.15,411,426
'target',dados_atuais_listagem_nominal.csv,neigh,0.9,0.15,89,427
'target',dados_atuais_listagem_nominal.csv,neigh,0.9,0.15,356,428
'target',dados_atuais_listagem_nominal.csv,neigh,0.9,0.15,27,429
'target',dados_atuais_listagem_nominal.csv,neigh,0.9,0.15,489,430
'target',dados_atuais_listagem_nominal.csv,neigh,0.9,0.2,145,431
'target',dados_atuais_listagem_nominal.csv,neigh,0.9,0.2,278,432
'target',dados_atuais_listagem_nominal.csv,neigh,0.9,0.2,392,433
'target',dados_atuais_listagem_nominal.csv,neigh,0.9,0.2,49,434
'target',dados_atuais_listagem_nominal.csv,neigh,0.9,0.2,203,435
'target',dados_atuais_listagem_nominal.csv,neigh,0.9,0.2,411,436
'target',dados_atuais_listagem_nominal.csv,neigh,0.9,0.2,89,437
'target',dados_atuais_listagem_nominal.csv,neigh,0.9,0.2,356,438
'target',dados_atuais_listagem_nominal.csv,neigh,0.9,0.2,27,439
'target',dados_atuais_listagem_nominal.csv,neigh,0.9,0.2,489,440
'target',dados_atuais_listagem_nominal.csv,neigh,0.95,0.05,145,441
'target',dados_atuais_listagem_nominal.csv,neigh,0.95,0.05,278,442
'target',dados_atuais_listagem_nominal.csv,neigh,0.95,0.05,392,443
'target',dados_atuais_listagem_nominal.csv,neigh,0.95,0.05,49,444
'target',dados_atuais_listagem_nominal.csv,neigh,0.95,0.05,203,445
'target',dados_atuais_listagem_nominal.csv,neigh,0.95,0.05,411,446
'target',dados_atuais_listagem_nominal.csv,neigh,0.95,0.05,89,447
'target',dados_atuais_listagem_nominal.csv,neigh,0.95,0.05,356,448
'target',dados_atuais_listagem_nominal.csv,neigh,0.95,0.05,27,449
'target',dados_atuais_listagem_nominal.csv,neigh,0.95,0.05,489,450
'target',dados_atuais_listagem_nominal.csv,neigh,0.95,0.1,145,451
'target',dados_atuais_listagem_nominal.csv,neigh,0.95,0.1,278,452
'target',dados_atuais_listagem_nominal.csv,neigh,0.95,0.1,392,453
'target',dados_atuais_listagem_nominal.csv,neigh,0.95,0.1,49,454
'target',dados_atuais_listagem_nominal.csv,neigh,0.95,0.1,203,455
'target',dados_atuais_listagem_nominal.csv,neigh,0.95,0.1,411,456
'target',dados_atuais_listagem_nominal.csv,neigh,0.95,0.1,89,457
'target',dados_atuais_listagem_nominal.csv,neigh,0.95,0.1,356,458
'target',dados_atuais_listagem_nominal.csv,neigh,0.95,0.1,27,459
'target',dados_atuais_listagem_nominal.csv,neigh,0.95,0.1,489,460
'target',dados_atuais_listagem_nominal.csv,neigh,0.95,0.15,145,461
'target',dados_atuais_listagem_nominal.csv,neigh,0.95,0.15,278,462
'target',dados_atuais_listagem_nominal.csv,neigh,0.95,0.15,392,463
'target',dados_atuais_listagem_nominal.csv,neigh,0.95,0.15,49,464
'target',dados_atuais_listagem_nominal.csv,neigh,0.95,0.15,203,465
'target',dados_atuais_listagem_nominal.csv,neigh,0.95,0.15,411,466
'target',dados_atuais_listagem_nominal.csv,neigh,0.95,0.15,89,467
'target',dados_atuais_listagem_nominal.csv,neigh,0.95,0.15,356,468
'target',dados_atuais_listagem_nominal.csv,neigh,0.95,0.15,27,469
'target',dados_atuais_listagem_nominal.csv,neigh,0.95,0.15,489,470
'target',dados_atuais_listagem_nominal.csv,neigh,0.95,0.2,145,471
'target',dados_atuais_listagem_nominal.csv,neigh,0.95,0.2,278,472
'target',dados_atuais_listagem_nominal.csv,neigh,0.95,0.2,392,473
'target',dados_atuais_listagem_nominal.csv,neigh,0.95,0.2,49,474
'target',dados_atuais_listagem_nominal.csv,neigh,0.95,0.2,203,475
'target',dados_atuais_listagem_nominal.csv,neigh,0.95,0.2,411,476
'target',dados_atuais_listagem_nominal.csv,neigh,0.95,0.2,89,477
'target',dados_atuais_listagem_nominal.csv,neigh,0.95,0.2,356,478
'target',dados_atuais_listagem_nominal.csv,neigh,0.95,0.2,27,479
'target',dados_atuais_listagem_nominal.csv,neigh,0.95,0.2,489,480
'target',dados_atuais_listagem_nominal.csv,nb,0.8,0.05,145,481
'target',dados_atuais_listagem_nominal.csv,nb,0.8,0.05,278,482
'target',dados_atuais_listagem_nominal.csv,nb,0.8,0.05,392,483
'target',dados_atuais_listagem_nominal.csv,nb,0.8,0.05,49,484
'target',dados_atuais_listagem_nominal.csv,nb,0.8,0.05,203,485
'target',dados_atuais_listagem_nominal.csv,nb,0.8,0.05,411,486
'target',dados_atuais_listagem_nominal.csv,nb,0.8,0.05,89,487
'target',dados_atuais_listagem_nominal.csv,nb,0.8,0.05,356,488
'target',dados_atuais_listagem_nominal.csv,nb,0.8,0.05,27,489
'target',dados_atuais_listagem_nominal.csv,nb,0.8,0.05,489,490
'target',dados_atuais_listagem_nominal.csv,nb,0.8,0.1,145,491
'target',dados_atuais_listagem_nominal.csv,nb,0.8,0.1,278,492
'target',dados_atuais_listagem_nominal.csv,nb,0.8,0.1,392,493
'target',dados_atuais_listagem_nominal.csv,nb,0.8,0.1,49,494
'target',dados_atuais_listagem_nominal.csv,nb,0.8,0.1,203,495
'target',dados_atuais_listagem_nominal.csv,nb,0.8,0.1,411,496
'target',dados_atuais_listagem_nominal.csv,nb,0.8,0.1,89,497
'target',dados_atuais_listagem_nominal.csv,nb,0.8,0.1,356,498
'target',dados_atuais_listagem_nominal.csv,nb,0.8,0.1,27,499
'target',dados_atuais_listagem_nominal.csv,nb,0.8,0.1,489,500
'target',dados_atuais_listagem_nominal.csv,nb,0.8,0.15,145,501
'target',dados_atuais_listagem_nominal.csv,nb,0.8,0.15,278,502
'target',dados_atuais_listagem_nominal.csv,nb,0.8,0.15,392,503
'target',dados_atuais_listagem_nominal.csv,nb,0.8,0.15,49,504
'target',dados_atuais_listagem_nominal.csv,nb,0.8,0.15,203,505
'target',dados_atuais_listagem_nominal.csv,nb,0.8,0.15,411,506
'target',dados_atuais_listagem_nominal.csv,nb,0.8,0.15,89,507
'target',dados_atuais_listagem_nominal.csv,nb,0.8,0.15,356,508
'target',dados_atuais_listagem_nominal.csv,nb,0.8,0.15,27,509
'target',dados_atuais_listagem_nominal.csv,nb,0.8,0.15,489,510
'target',dados_atuais_listagem_nominal.csv,nb,0.8,0.2,145,511
'target',dados_atuais_listagem_nominal.csv,nb,0.8,0.2,278,512
'target',dados_atuais_listagem_nominal.csv,nb,0.8,0.2,392,513
'target',dados_atuais_listagem_nominal.csv,nb,0.8,0.2,49,514
'target',dados_atuais_listagem_nominal.csv,nb,0.8,0.2,203,515
'target',dados_atuais_listagem_nominal.csv,nb,0.8,0.2,411,516
'target',dados_atuais_listagem_nominal.csv,nb,0.8,0.2,89,517
'target',dados_atuais_listagem_nominal.csv,nb,0.8,0.2,356,518
'target',dados_atuais_listagem_nominal.csv,nb,0.8,0.2,27,519
'target',dados_atuais_listagem_nominal.csv,nb,0.8,0.2,489,520
'target',dados_atuais_listagem_nominal.csv,nb,0.85,0.05,145,521
'target',dados_atuais_listagem_nominal.csv,nb,0.85,0.05,278,522
'target',dados_atuais_listagem_nominal.csv,nb,0.85,0.05,392,523
'target',dados_atuais_listagem_nominal.csv,nb,0.85,0.05,49,524
'target',dados_atuais_listagem_nominal.csv,nb,0.85,0.05,203,525
'target',dados_atuais_listagem_nominal.csv,nb,0.85,0.05,411,526
'target',dados_atuais_listagem_nominal.csv,nb,0.85,0.05,89,527
'target',dados_atuais_listagem_nominal.csv,nb,0.85,0.05,356,528
'target',dados_atuais_listagem_nominal.csv,nb,0.85,0.05,27,529
'target',dados_atuais_listagem_nominal.csv,nb,0.85,0.05,489,530
'target',dados_atuais_listagem_nominal.csv,nb,0.85,0.1,145,531
'target',dados_atuais_listagem_nominal.csv,nb,0.85,0.1,278,532
'target',dados_atuais_listagem_nominal.csv,nb,0.85,0.1,392,533
'target',dados_atuais_listagem_nominal.csv,nb,0.85,0.1,49,534
'target',dados_atuais_listagem_nominal.csv,nb,0.85,0.1,203,535
'target',dados_atuais_listagem_nominal.csv,nb,0.85,0.1,411,536
'target',dados_atuais_listagem_nominal.csv,nb,0.85,0.1,89,537
'target',dados_atuais_listagem_nominal.csv,nb,0.85,0.1,356,538
'target',dados_atuais_listagem_nominal.csv,nb,0.85,0.1,27,539
'target',dados_atuais_listagem_nominal.csv,nb,0.85,0.1,489,540
'target',dados_atuais_listagem_nominal.csv,nb,0.85,0.15,145,541
'target',dados_atuais_listagem_nominal.csv,nb,0.85,0.15,278,542
'target',dados_atuais_listagem_nominal.csv,nb,0.85,0.15,392,543
'target',dados_atuais_listagem_nominal.csv,nb,0.85,0.15,49,544
'target',dados_atuais_listagem_nominal.csv,nb,0.85,0.15,203,545
'target',dados_atuais_listagem_nominal.csv,nb,0.85,0.15,411,546
'target',dados_atuais_listagem_nominal.csv,nb,0.85,0.15,89,547
'target',dados_atuais_listagem_nominal.csv,nb,0.85,0.15,356,548
'target',dados_atuais_listagem_nominal.csv,nb,0.85,0.15,27,549
'target',dados_atuais_listagem_nominal.csv,nb,0.85,0.15,489,550
'target',dados_atuais_listagem_nominal.csv,nb,0.85,0.2,145,551
'target',dados_atuais_listagem_nominal.csv,nb,0.85,0.2,278,552
'target',dados_atuais_listagem_nominal.csv,nb,0.85,0.2,392,553
'target',dados_atuais_listagem_nominal.csv,nb,0.85,0.2,49,554
'target',dados_atuais_listagem_nominal.csv,nb,0.85,0.2,203,555
'target',dados_atuais_listagem_nominal.csv,nb,0.85,0.2,411,556
'target',dados_atuais_listagem_nominal.csv,nb,0.85,0.2,89,557
'target',dados_atuais_listagem_nominal.csv,nb,0.85,0.2,356,558
'target',dados_atuais_listagem_nominal.csv,nb,0.85,0.2,27,559
'target',dados_atuais_listagem_nominal.csv,nb,0.85,0.2,489,560
'target',dados_atuais_listagem_nominal.csv,nb,0.9,0.05,145,561
'target',dados_atuais_listagem_nominal.csv,nb,0.9,0.05,278,562
'target',dados_atuais_listagem_nominal.csv,nb,0.9,0.05,392,563
'target',dados_atuais_listagem_nominal.csv,nb,0.9,0.05,49,564
'target',dados_atuais_listagem_nominal.csv,nb,0.9,0.05,203,565
'target',dados_atuais_listagem_nominal.csv,nb,0.9,0.05,411,566
'target',dados_atuais_listagem_nominal.csv,nb,0.9,0.05,89,567
'target',dados_atuais_listagem_nominal.csv,nb,0.9,0.05,356,568
'target',dados_atuais_listagem_nominal.csv,nb,0.9,0.05,27,569
'target',dados_atuais_listagem_nominal.csv,nb,0.9,0.05,489,570
'target',dados_atuais_listagem_nominal.csv,nb,0.9,0.1,145,571
'target',dados_atuais_listagem_nominal.csv,nb,0.9,0.1,278,572
'target',dados_atuais_listagem_nominal.csv,nb,0.9,0.1,392,573
'target',dados_atuais_listagem_nominal.csv,nb,0.9,0.1,49,574
'target',dados_atuais_listagem_nominal.csv,nb,0.9,0.1,203,575
'target',dados_atuais_listagem_nominal.csv,nb,0.9,0.1,411,576
'target',dados_atuais_listagem_nominal.csv,nb,0.9,0.1,89,577
'target',dados_atuais_listagem_nominal.csv,nb,0.9,0.1,356,578
'target',dados_atuais_listagem_nominal.csv,nb,0.9,0.1,27,579
'target',dados_atuais_listagem_nominal.csv,nb,0.9,0.1,489,580
'target',dados_atuais_listagem_nominal.csv,nb,0.9,0.15,145,581
'target',dados_atuais_listagem_nominal.csv,nb,0.9,0.15,278,582
'target',dados_atuais_listagem_nominal.csv,nb,0.9,0.15,392,583
'target',dados_atuais_listagem_nominal.csv,nb,0.9,0.15,49,584
'target',dados_atuais_listagem_nominal.csv,nb,0.9,0.15,203,585
'target',dados_atuais_listagem_nominal.csv,nb,0.9,0.15,411,586
'target',dados_atuais_listagem_nominal.csv,nb,0.9,0.15,89,587
'target',dados_atuais_listagem_nominal.csv,nb,0.9,0.15,356,588
'target',dados_atuais_listagem_nominal.csv,nb,0.9,0.15,27,589
'target',dados_atuais_listagem_nominal.csv,nb,0.9,0.15,489,590
'target',dados_atuais_listagem_nominal.csv,nb,0.9,0.2,145,591
'target',dados_atuais_listagem_nominal.csv,nb,0.9,0.2,278,592
'target',dados_atuais_listagem_nominal.csv,nb,0.9,0.2,392,593
'target',dados_atuais_listagem_nominal.csv,nb,0.9,0.2,49,594
'target',dados_atuais_listagem_nominal.csv,nb,0.9,0.2,203,595
'target',dados_atuais_listagem_nominal.csv,nb,0.9,0.2,411,596
'target',dados_atuais_listagem_nominal.csv,nb,0.9,0.2,89,597
'target',dados_atuais_listagem_nominal.csv,nb,0.9,0.2,356,598
'target',dados_atuais_listagem_nominal.csv,nb,0.9,0.2,27,599
'target',dados_atuais_listagem_nominal.csv,nb,0.9,0.2,489,600
'target',dados_atuais_listagem_nominal.csv,nb,0.95,0.05,145,601
'target',dados_atuais_listagem_nominal.csv,nb,0.95,0.05,278,602
'target',dados_atuais_listagem_nominal.csv,nb,0.95,0.05,392,603
'target',dados_atuais_listagem_nominal.csv,nb,0.95,0.05,49,604
'target',dados_atuais_listagem_nominal.csv,nb,0.95,0.05,203,605
'target',dados_atuais_listagem_nominal.csv,nb,0.95,0.05,411,606
'target',dados_atuais_listagem_nominal.csv,nb,0.95,0.05,89,607
'target',dados_atuais_listagem_nominal.csv,nb,0.95,0.05,356,608
'target',dados_atuais_listagem_nominal.csv,nb,0.95,0.05,27,609
'target',dados_atuais_listagem_nominal.csv,nb,0.95,0.05,489,610
'target',dados_atuais_listagem_nominal.csv,nb,0.95,0.1,145,611
'target',dados_atuais_listagem_nominal.csv,nb,0.95,0.1,278,612
'target',dados_atuais_listagem_nominal.csv,nb,0.95,0.1,392,613
'target',dados_atuais_listagem_nominal.csv,nb,0.95,0.1,49,614
'target',dados_atuais_listagem_nominal.csv,nb,0.95,0.1,203,615
'target',dados_atuais_listagem_nominal.csv,nb,0.95,0.1,411,616
'target',dados_atuais_listagem_nominal.csv,nb,0.95,0.1,89,617
'target',dados_atuais_listagem_nominal.csv,nb,0.95,0.1,356,618
'target',dados_atuais_listagem_nominal.csv,nb,0.95,0.1,27,619
'target',dados_atuais_listagem_nominal.csv,nb,0.95,0.1,489,620
'target',dados_atuais_listagem_nominal.csv,nb,0.95,0.15,145,621
'target',dados_atuais_listagem_nominal.csv,nb,0.95,0.15,278,622
'target',dados_atuais_listagem_nominal.csv,nb,0.95,0.15,392,623
'target',dados_atuais_listagem_nominal.csv,nb,0.95,0.15,49,624
'target',dados_atuais_listagem_nominal.csv,nb,0.95,0.15,203,625
'target',dados_atuais_listagem_nominal.csv,nb,0.95,0.15,411,626
'target',dados_atuais_listagem_nominal.csv,nb,0.95,0.15,89,627
'target',dados_atuais_listagem_nominal.csv,nb,0.95,0.15,356,628
'target',dados_atuais_listagem_nominal.csv,nb,0.95,0.15,27,629
'target',dados_atuais_listagem_nominal.csv,nb,0.95,0.15,489,630
'target',dados_atuais_listagem_nominal.csv,nb,0.95,0.2,145,631
'target',dados_atuais_listagem_nominal.csv,nb,0.95,0.2,278,632
'target',dados_atuais_listagem_nominal.csv,nb,0.95,0.2,392,633
'target',dados_atuais_listagem_nominal.csv,nb,0.95,0.2,49,634
'target',dados_atuais_listagem_nominal.csv,nb,0.95,0.2,203,635
'target',dados_atuais_listagem_nominal.csv,nb,0.95,0.2,411,636
'target',dados_atuais_listagem_nominal.csv,nb,0.95,0.2,89,637
'target',dados_atuais_listagem_nominal.csv,nb,0.95,0.2,356,638
'target',dados_atuais_listagem_nominal.csv,nb,0.95,0.2,27,639
'target',dados_atuais_listagem_nominal.csv,nb,0.95,0.2,489,640
